stage,months,observed_survival_pct,se_pct,n_at_risk
I,0,100.0,0.0,32093
I,12,86.2,0.2,27592
I,24,75.3,0.2,24074
I,36,66.1,0.3,21095
I,48,59.1,0.3,18818
I,60,53.0,0.3,16859
I,72,47.5,0.3,15064
I,84,42.8,0.3,13513
I,96,38.5,0.3,12085
I,108,34.6,0.3,8680
I,120,31.2,0.3,6072
II,0,100.0,0.0,13477
II,12,70.5,0.4,9471
II,24,54.6,0.4,7321
II,36,44.8,0.4,5995
II,48,38.2,0.4,5103
II,60,33.3,0.4,4442
II,72,29.2,0.4,3887
II,84,26.1,0.4,3458
II,96,22.9,0.4,3028
II,108,20.5,0.4,2225
II,120,18.3,0.3,1569
III,0,100.0,0.0,31785
III,12,54.4,0.3,17222
III,24,35.3,0.3,11151
III,36,26.2,0.2,8250
III,48,21.0,0.2,6589
III,60,17.4,0.2,5457
III,72,14.8,0.2,4624
III,84,12.6,0.2,3918
III,96,10.9,0.2,3376
III,108,9.4,0.2,2340
III,120,8.2,0.2,1540
IV,0,100.0,0.0,82903
IV,12,25.0,0.2,20582
IV,24,12.4,0.1,10155
IV,36,7.7,0.1,6251
IV,48,5.4,0.1,4371
IV,60,4.1,0.1,3284
IV,72,3.2,0.1,2612
IV,84,2.7,0.1,2150
IV,96,2.3,0.1,1824
IV,108,2.0,0.0,1168
IV,120,1.7,0.0,753
