cohort,stage,synthea_n,seer_n,synthea_pct_male,seer_pct_male,synthea_pct_50_64,seer_pct_50_64,synthea_pct_65_74,seer_pct_65_74,synthea_pct_75_84,seer_pct_75_84,synthea_pct_85plus,seer_pct_85plus,diff_pct_male_pp,diff_50_64_pp,diff_65_74_pp,diff_75_84_pp,diff_85plus_pp
main,I,292,32093,78.8,46,55.1,25.9,32.9,38,12,28.8,0,7.3,32.8,29.3,-5.2,-16.8,-7.3
main,II,109,13477,73.4,54.7,51.4,27.6,35.8,36.5,12.8,28.2,0,7.7,18.7,23.8,-0.7,-15.4,-7.7
main,III,261,31785,75.5,55.7,64.8,32.6,25.7,35.3,9.6,25.1,0,7,19.8,32.2,-9.6,-15.5,-7
main,IV,685,82903,76.6,54.8,58.5,33.7,29.6,32.8,11.8,24.6,0,8.9,21.9,24.9,-3.2,-12.8,-8.9
main,All staged (I-IV),1347,160258,76.6,53.2,58.4,31.4,30.1,34.6,11.5,25.8,0,8.1,23.4,27,-4.6,-14.3,-8.1
sensitivity,I,66,32093,87.9,46,34.8,25.9,59.1,38,6.1,28.8,0,7.3,41.9,9,21,-22.8,-7.3
sensitivity,II,28,13477,78.6,54.7,50,27.6,50,36.5,0,28.2,0,7.7,23.9,22.4,13.5,-28.2,-7.7
sensitivity,III,56,31785,85.7,55.7,48.2,32.6,48.2,35.3,3.6,25.1,0,7,30,15.6,12.9,-21.5,-7
sensitivity,IV,155,82903,78.1,54.8,36.8,33.7,52.9,32.8,10.3,24.6,0,8.9,23.3,3.1,20.1,-14.3,-8.9
sensitivity,All staged (I-IV),305,160258,81.6,53.2,39.7,31.4,53.1,34.6,7.2,25.8,0,8.1,28.4,8.3,18.5,-18.6,-8.1
