cohort,stage,n,deaths,male_n,male_pct,age_mean,age_sd,age_median,age_q1,age_q3
main,I,292,263,230,78.8,63.9,8.7,64.1,56.1,69.9
main,II,109,101,80,73.4,64,8.8,64.4,56.7,69.4
main,III,261,255,197,75.5,63,8.4,63,55.9,68.8
main,IV,685,672,525,76.6,63.5,8.6,63.7,56.1,69.2
main,All,1347,1291,1032,76.6,63.5,8.6,63.7,56,69.4
sensitivity,I,66,66,58,87.9,66.5,6.8,67.2,63.3,71.7
sensitivity,II,28,28,22,78.6,63.3,7.4,65.3,57.9,69.1
sensitivity,III,56,56,48,85.7,65.4,7.6,65.4,60.3,72.5
sensitivity,IV,155,155,121,78.1,66.4,7.2,67.8,61.3,71.6
sensitivity,All,305,305,249,81.6,65.9,7.2,67,60.7,71.6
