weighting,stage,year,synthea_n_at_risk_unweighted,unweighted_S_pct,unweighted_S_ci,reweighted_S_pct,reweighted_S_ci,change_pp,seer_S_pct,diff_to_seer_unweighted_pp,diff_to_seer_reweighted_pp
4 age bands,I,1,278,97.2,97.2 (94.5-98.6),97.7,97.7 (95.0-98.9),0.4,86.2,11,11.5
4 age bands,I,2,258,93.7,93.7 (90.1-96.0),94.4,94.4 (90.5-96.7),0.7,75.3,18.4,19.1
4 age bands,I,3,169,64.3,64.3 (58.3-69.7),65.5,65.5 (54.0-74.8),1.2,66.1,-1.8,-0.6
4 age bands,I,4,108,41.4,41.4 (35.4-47.3),47.8,47.8 (35.9-58.7),6.4,59.1,-17.7,-11.3
4 age bands,I,5,47,18.2,18.2 (13.8-23.1),19,19.0 (11.6-27.7),0.7,53,-34.8,-34
4 age bands,II,1,100,99,99.0 (93.2-99.9),98.5,98.5 (89.9-99.8),-0.5,70.5,28.5,28
4 age bands,II,2,32,31.7,31.7 (22.9-40.8),23.7,23.7 (14.6-34.1),-8,54.6,-22.9,-30.9
4 age bands,II,3,0,0,0.0 (0.0-0.0),0,0.0 (0.0-0.0),0,44.8,-44.8,-44.8
4 age bands,II,4,0,0,0.0 (0.0-0.0),0,0.0 (0.0-0.0),0,38.2,-38.2,-38.2
4 age bands,II,5,0,0,0.0 (0.0-0.0),0,0.0 (0.0-0.0),0,33.3,-33.3,-33.3
4 age bands,III,1,154,59.7,59.7 (53.4-65.4),57.9,57.9 (46.4-67.8),-1.8,54.4,5.3,3.5
4 age bands,III,2,0,0,0.0 (0.0-0.0),0,0.0 (0.0-0.0),0,35.3,-35.3,-35.3
4 age bands,III,3,0,0,0.0 (0.0-0.0),0,0.0 (0.0-0.0),0,26.2,-26.2,-26.2
4 age bands,III,4,0,0,0.0 (0.0-0.0),0,0.0 (0.0-0.0),0,21,-21,-21
4 age bands,III,5,0,0,0.0 (0.0-0.0),0,0.0 (0.0-0.0),0,17.4,-17.4,-17.4
4 age bands,IV,1,0,0,0.0 (0.0-0.0),0,0.0 (0.0-0.0),0,25,-25,-25
4 age bands,IV,2,0,0,0.0 (0.0-0.0),0,0.0 (0.0-0.0),0,12.4,-12.4,-12.4
4 age bands,IV,3,0,0,0.0 (0.0-0.0),0,0.0 (0.0-0.0),0,7.7,-7.7,-7.7
4 age bands,IV,4,0,0,0.0 (0.0-0.0),0,0.0 (0.0-0.0),0,5.4,-5.4,-5.4
4 age bands,IV,5,0,0,0.0 (0.0-0.0),0,0.0 (0.0-0.0),0,4.1,-4.1,-4.1
3 age bands (75+ merged),I,1,278,97.2,97.2 (94.5-98.6),97.6,97.6 (94.8-98.9),0.4,86.2,11,11.4
3 age bands (75+ merged),I,2,258,93.7,93.7 (90.1-96.0),94.1,94.1 (89.9-96.6),0.5,75.3,18.4,18.8
3 age bands (75+ merged),I,3,169,64.3,64.3 (58.3-69.7),65,65.0 (52.2-75.2),0.7,66.1,-1.8,-1.1
3 age bands (75+ merged),I,4,108,41.4,41.4 (35.4-47.3),47.7,47.7 (34.8-59.6),6.3,59.1,-17.7,-11.4
3 age bands (75+ merged),I,5,47,18.2,18.2 (13.8-23.1),17.8,17.8 (10.7-26.4),-0.4,53,-34.8,-35.2
3 age bands (75+ merged),II,1,100,99,99.0 (93.2-99.9),98.3,98.3 (88.5-99.8),-0.7,70.5,28.5,27.8
3 age bands (75+ merged),II,2,32,31.7,31.7 (22.9-40.8),23,23.0 (13.6-34.0),-8.6,54.6,-22.9,-31.6
3 age bands (75+ merged),II,3,0,0,0.0 (0.0-0.0),0,0.0 (0.0-0.0),0,44.8,-44.8,-44.8
3 age bands (75+ merged),II,4,0,0,0.0 (0.0-0.0),0,0.0 (0.0-0.0),0,38.2,-38.2,-38.2
3 age bands (75+ merged),II,5,0,0,0.0 (0.0-0.0),0,0.0 (0.0-0.0),0,33.3,-33.3,-33.3
3 age bands (75+ merged),III,1,154,59.7,59.7 (53.4-65.4),57.5,57.5 (45.3-67.8),-2.2,54.4,5.3,3.1
3 age bands (75+ merged),III,2,0,0,0.0 (0.0-0.0),0,0.0 (0.0-0.0),0,35.3,-35.3,-35.3
3 age bands (75+ merged),III,3,0,0,0.0 (0.0-0.0),0,0.0 (0.0-0.0),0,26.2,-26.2,-26.2
3 age bands (75+ merged),III,4,0,0,0.0 (0.0-0.0),0,0.0 (0.0-0.0),0,21,-21,-21
3 age bands (75+ merged),III,5,0,0,0.0 (0.0-0.0),0,0.0 (0.0-0.0),0,17.4,-17.4,-17.4
3 age bands (75+ merged),IV,1,0,0,0.0 (0.0-0.0),0,0.0 (0.0-0.0),0,25,-25,-25
3 age bands (75+ merged),IV,2,0,0,0.0 (0.0-0.0),0,0.0 (0.0-0.0),0,12.4,-12.4,-12.4
3 age bands (75+ merged),IV,3,0,0,0.0 (0.0-0.0),0,0.0 (0.0-0.0),0,7.7,-7.7,-7.7
3 age bands (75+ merged),IV,4,0,0,0.0 (0.0-0.0),0,0.0 (0.0-0.0),0,5.4,-5.4,-5.4
3 age bands (75+ merged),IV,5,0,0,0.0 (0.0-0.0),0,0.0 (0.0-0.0),0,4.1,-4.1,-4.1
