measure,value
main_cohort_n,1347
treated_n,1346
untreated_n,1
first_line_modal_type_n,1346
cramers_v_stage_vs_first_line,0.02679545765635561
chisq_p_stage_vs_first_line,0.8092020599288771
days_to_first_median,2
days_to_first_q1,2
days_to_first_q3,3
days_to_first_max,154
admin_dates_median,43
admin_dates_q1,31
admin_dates_q3,86
gaps_total,99447
gap_1day_n,76008
gap_median_days,1
gap_p99_days,46
gap_max_days,966
patients_gap_gt28,1340
patients_gap_gt60,168
patients_gap_gt90,47
patients_gap_gt120,20
line1_single_regimen_n,1346
line2_n,47
ttnt_event_n,1293
ttnt_median_months,9.3795
admin_dates_median_stage_I,181
admin_dates_median_stage_II,94
admin_dates_median_stage_III,56
admin_dates_median_stage_IV,32
